{"cameraMode":{"drawMode":0,"name":"Shaded","section":"Shading Mode"},"sceneLighting":true,"audioPlay":false,"sceneViewState":{"showFog":false,"showMaterialUpdate":false,"showSkybox":false,"showFlares":false,"showImageEffects":false,"showParticleSystems":false},"in2DMode":false,"pivot":{"x":-10.102524757385254,"y":-1.0679173101380002e-8,"z":-5.8851542472839359},"rotation":{"x":0.6541451811790466,"y":0.03825767710804939,"z":-0.0327986478805542,"w":0.7547234296798706},"size":6.092616081237793,"orthographic":false}