{"cameraMode":{"drawMode":0,"name":"Shaded","section":"Shading Mode"},"sceneLighting":true,"audioPlay":false,"sceneViewState":{"showFog":true,"showMaterialUpdate":false,"showSkybox":false,"showFlares":true,"showImageEffects":true,"showParticleSystems":true},"in2DMode":false,"pivot":{"x":-10.082990646362305,"y":-1.067905941454228e-8,"z":10.704845428466797},"rotation":{"x":0.40922820568084719,"y":0.5122318863868713,"z":-0.30309823155403139,"w":0.6915898323059082},"size":0.4946037828922272,"orthographic":false}