{"cameraMode":{"drawMode":0,"name":"Shaded","section":"Shading Mode"},"sceneLighting":true,"audioPlay":false,"sceneViewState":{"showFog":true,"showMaterialUpdate":false,"showSkybox":false,"showFlares":true,"showImageEffects":true,"showParticleSystems":true},"in2DMode":false,"pivot":{"x":1.4208379983901978,"y":0.12185287475585938,"z":-1.044424295425415},"rotation":{"x":-0.7105716466903687,"y":-0.022558240219950677,"z":0.02281305193901062,"w":-0.7029225826263428},"size":4.442111968994141,"orthographic":false}