{"cameraMode":{"drawMode":0,"name":"Shaded","section":"Shading Mode"},"sceneLighting":true,"audioPlay":false,"sceneViewState":{"showFog":true,"showMaterialUpdate":false,"showSkybox":false,"showFlares":true,"showImageEffects":true,"showParticleSystems":true},"in2DMode":false,"pivot":{"x":-1.1884019374847413,"y":9.082099914550782,"z":-4.071781158447266},"rotation":{"x":-0.3422592878341675,"y":-0.451817125082016,"z":0.19302333891391755,"w":-0.800952136516571},"size":30.11777687072754,"orthographic":false}